창,점,FAST시작$,VR시작$,VR비중%,CAGR%,MDD%,최종배수,세금총액$,KS발동,대피일수,위기일최악%,참고
1986,P0,207300.0,0.0,0.0,14.577,-68.46,10.099,545912.0,11,724,-30.191,FAST 단독(정본 대조점)
1986,P1,200000.0,7300.0,3.52,14.532,-69.27,10.033,543725.0,11,724,-30.552,현행(회귀 대조점)
1986,P2,186570.0,20730.0,10.0,14.426,-70.83,9.875,539911.0,11,724,-31.216,
1986,P3,165840.0,41460.0,20.0,14.223,-73.21,9.582,532988.0,11,724,-32.238,
1986,P4,145110.0,62190.0,30.0,14.01,-75.56,9.282,525936.0,11,724,-33.258,
1986,P5,124380.0,82920.0,40.0,13.789,-77.88,8.982,518932.0,11,724,-34.276,나스닥 노출 금액 동일(기존 정지선 위치)
1986,P6,103650.0,103650.0,50.0,13.562,-80.16,8.681,512058.0,11,724,-35.291,
1986,P7,82920.0,124380.0,60.0,13.312,-82.41,8.363,504126.0,11,724,-36.304,
1986,P8,62190.0,145110.0,70.0,12.568,-84.62,7.478,540787.0,11,724,-37.314,
1986,P9,41460.0,165840.0,80.0,12.506,-86.81,7.407,593009.0,11,724,-38.322,
1986,P10,20730.0,186570.0,90.0,12.429,-88.96,7.321,595270.0,11,724,-39.328,
1986,P11,0.0,207300.0,100.0,12.241,-90.3,7.117,581441.0,0,0,-40.264,VR 단독(정본 대조점)
1987,P0,207300.0,0.0,0.0,17.895,-68.45,16.406,876173.0,11,785,-30.181,FAST 단독(정본 대조점)
1987,P1,200000.0,7300.0,3.52,17.895,-69.21,16.405,879271.0,11,785,-30.513,현행(회귀 대조점)
1987,P2,186570.0,20730.0,10.0,17.876,-70.65,16.361,884619.0,11,785,-31.126,
1987,P3,165840.0,41460.0,20.0,17.813,-72.9,16.212,889954.0,11,785,-32.078,
1987,P4,145110.0,62190.0,30.0,17.747,-75.15,16.058,895134.0,11,785,-33.037,
1987,P5,124380.0,82920.0,40.0,17.68,-77.38,15.904,900363.0,11,785,-34.003,나스닥 노출 금액 동일(기존 정지선 위치)
1987,P6,103650.0,103650.0,50.0,17.612,-79.6,15.749,905667.0,11,785,-34.976,
1987,P7,82920.0,124380.0,60.0,17.543,-81.82,15.593,910971.0,11,785,-35.956,
1987,P8,62190.0,145110.0,70.0,17.122,-84.03,14.67,926808.0,11,785,-36.943,
1987,P9,41460.0,165840.0,80.0,16.96,-86.22,14.329,966601.0,11,785,-37.937,
1987,P10,20730.0,186570.0,90.0,16.877,-88.41,14.156,970292.0,11,785,-38.939,
1987,P11,0.0,207300.0,100.0,16.638,-90.09,13.673,939249.0,0,0,-39.948,VR 단독(정본 대조점)
1988,P0,207300.0,0.0,0.0,17.54,-65.57,15.598,811251.0,14,891,-19.055,FAST 단독(정본 대조점)
1988,P1,200000.0,7300.0,3.52,17.574,-66.31,15.677,820279.0,14,891,-19.522,현행(회귀 대조점)
1988,P2,186570.0,20730.0,10.0,17.604,-67.61,15.745,835460.0,14,891,-20.367,
1988,P3,165840.0,41460.0,20.0,17.627,-69.43,15.797,857245.0,14,891,-21.63,
1988,P4,145110.0,62190.0,30.0,17.636,-71.07,15.818,878058.0,14,891,-22.851,
1988,P5,124380.0,82920.0,40.0,17.643,-72.56,15.833,898807.0,14,891,-24.032,나스닥 노출 금액 동일(기존 정지선 위치)
1988,P6,103650.0,103650.0,50.0,17.649,-73.92,15.848,919589.0,14,891,-25.174,
1988,P7,82920.0,124380.0,60.0,17.414,-76.04,15.317,949345.0,14,891,-26.28,
1988,P8,62190.0,145110.0,70.0,17.176,-78.09,14.798,1013665.0,14,891,-27.351,
1988,P9,41460.0,165840.0,80.0,17.338,-81.07,15.15,1078838.0,14,891,-28.396,
1988,P10,20730.0,186570.0,90.0,17.315,-83.89,15.1,1077447.0,14,891,-28.397,
1988,P11,0.0,207300.0,100.0,17.126,-85.51,14.691,1050765.0,0,0,-28.397,VR 단독(정본 대조점)
1989,P0,207300.0,0.0,0.0,17.27,-65.57,14.974,803491.0,20,973,-19.055,FAST 단독(정본 대조점)
1989,P1,200000.0,7300.0,3.52,17.19,-66.21,14.803,804117.0,20,973,-19.455,현행(회귀 대조점)
1989,P2,186570.0,20730.0,10.0,17.012,-67.35,14.424,804365.0,20,973,-20.192,
1989,P3,165840.0,41460.0,20.0,16.715,-69.0,13.816,804061.0,20,973,-21.321,
1989,P4,145110.0,62190.0,30.0,16.383,-70.55,13.163,802447.0,20,973,-22.45,
1989,P5,124380.0,82920.0,40.0,16.035,-72.0,12.511,800889.0,20,973,-23.575,나스닥 노출 금액 동일(기존 정지선 위치)
1989,P6,103650.0,103650.0,50.0,15.669,-73.36,11.857,799438.0,20,973,-24.696,
1989,P7,82920.0,124380.0,60.0,15.235,-74.79,11.122,793438.0,20,973,-25.813,
1989,P8,62190.0,145110.0,70.0,14.182,-77.87,9.517,834329.0,20,973,-26.926,
1989,P9,41460.0,165840.0,80.0,14.229,-79.86,9.583,891559.0,20,973,-28.041,
1989,P10,20730.0,186570.0,90.0,14.174,-83.01,9.505,892391.0,20,973,-28.397,
1989,P11,0.0,207300.0,100.0,13.883,-85.26,9.102,856927.0,0,0,-28.397,VR 단독(정본 대조점)
1990,P0,207300.0,0.0,0.0,15.945,-65.56,12.346,612448.0,25,1066,-19.055,FAST 단독(정본 대조점)
1990,P1,200000.0,7300.0,3.52,15.872,-66.34,12.215,619192.0,25,1066,-19.539,현행(회귀 대조점)
1990,P2,186570.0,20730.0,10.0,15.72,-67.67,11.945,631970.0,25,1066,-20.409,
1990,P3,165840.0,41460.0,20.0,15.468,-69.51,11.511,651296.0,25,1066,-21.691,
1990,P4,145110.0,62190.0,30.0,15.205,-71.14,11.074,670628.0,25,1066,-22.905,
1990,P5,124380.0,82920.0,40.0,14.931,-72.59,10.635,690040.0,25,1066,-24.058,나스닥 노출 금액 동일(기존 정지선 위치)
1990,P6,103650.0,103650.0,50.0,14.646,-73.89,10.196,709452.0,25,1066,-25.152,
1990,P7,82920.0,124380.0,60.0,14.04,-75.8,9.318,735705.0,25,1066,-26.193,
1990,P8,62190.0,145110.0,70.0,13.467,-77.99,8.553,789845.0,25,1066,-27.209,
1990,P9,41460.0,165840.0,80.0,13.634,-78.39,8.77,852205.0,25,1066,-28.189,
1990,P10,20730.0,186570.0,90.0,13.731,-78.39,8.898,866124.0,25,1066,-28.396,
1990,P11,0.0,207300.0,100.0,13.623,-78.39,8.756,854298.0,0,0,-28.396,VR 단독(정본 대조점)
1991,P0,207300.0,0.0,0.0,20.151,-65.57,22.64,1091544.0,25,1066,-19.055,FAST 단독(정본 대조점)
1991,P1,200000.0,7300.0,3.52,20.118,-66.62,22.535,1120582.0,25,1066,-19.719,현행(회귀 대조점)
1991,P2,186570.0,20730.0,10.0,20.032,-68.34,22.261,1172962.0,25,1066,-20.862,
1991,P3,165840.0,41460.0,20.0,19.895,-70.54,21.834,1253744.0,25,1066,-22.444,
1991,P4,145110.0,62190.0,30.0,19.755,-72.33,21.406,1334552.0,25,1066,-23.838,
1991,P5,124380.0,82920.0,40.0,19.612,-73.81,20.976,1415530.0,25,1066,-25.076,나스닥 노출 금액 동일(기존 정지선 위치)
1991,P6,103650.0,103650.0,50.0,19.154,-75.78,19.651,1497815.0,25,1066,-26.183,
1991,P7,82920.0,124380.0,60.0,18.756,-77.97,18.565,1615581.0,25,1066,-27.178,
1991,P8,62190.0,145110.0,70.0,19.132,-78.35,19.59,1769821.0,25,1066,-28.077,
1991,P9,41460.0,165840.0,80.0,19.453,-78.39,20.504,1859975.0,25,1066,-28.396,
1991,P10,20730.0,186570.0,90.0,19.663,-78.39,21.126,1916917.0,25,1066,-28.396,
1991,P11,0.0,207300.0,100.0,19.649,-78.39,21.084,1913025.0,0,0,-28.396,VR 단독(정본 대조점)
1992,P0,207300.0,0.0,0.0,14.065,-65.55,9.363,398779.0,26,1316,-19.055,FAST 단독(정본 대조점)
1992,P1,200000.0,7300.0,3.52,13.981,-66.4,9.246,405747.0,26,1316,-19.59,현행(회귀 대조점)
1992,P2,186570.0,20730.0,10.0,13.8,-67.85,9.0,418901.0,26,1316,-20.536,
1992,P3,165840.0,41460.0,20.0,13.51,-69.79,8.618,439279.0,26,1316,-21.902,
1992,P4,145110.0,62190.0,30.0,13.208,-71.47,8.236,459663.0,26,1316,-23.164,
1992,P5,124380.0,82920.0,40.0,12.892,-72.92,7.854,480048.0,26,1316,-24.334,나스닥 노출 금액 동일(기존 정지선 위치)
1992,P6,103650.0,103650.0,50.0,12.562,-74.19,7.472,500491.0,26,1316,-25.422,
1992,P7,82920.0,124380.0,60.0,11.61,-76.48,6.469,527759.0,26,1316,-26.435,
1992,P8,62190.0,145110.0,70.0,11.489,-78.06,6.35,570349.0,26,1316,-27.383,
1992,P9,41460.0,165840.0,80.0,11.741,-78.39,6.598,618628.0,26,1316,-28.271,
1992,P10,20730.0,186570.0,90.0,11.902,-78.39,6.762,636344.0,26,1316,-28.396,
1992,P11,0.0,207300.0,100.0,11.949,-78.39,6.811,643695.0,0,0,-28.397,VR 단독(정본 대조점)
1993,P0,207300.0,0.0,0.0,17.792,-65.55,16.148,732960.0,26,1398,-19.055,FAST 단독(정본 대조점)
1993,P1,200000.0,7300.0,3.52,17.796,-66.61,16.158,752551.0,26,1398,-19.692,현행(회귀 대조점)
1993,P2,186570.0,20730.0,10.0,17.781,-68.33,16.123,787942.0,26,1398,-20.78,
1993,P3,165840.0,41460.0,20.0,17.757,-70.51,16.067,842618.0,26,1398,-22.264,
1993,P4,145110.0,62190.0,30.0,17.733,-72.28,16.011,897301.0,26,1398,-23.555,
1993,P5,124380.0,82920.0,40.0,17.708,-73.73,15.955,951985.0,26,1398,-24.687,나스닥 노출 금액 동일(기존 정지선 위치)
1993,P6,103650.0,103650.0,50.0,17.63,-75.1,15.776,1000854.0,26,1398,-25.689,
1993,P7,82920.0,124380.0,60.0,16.977,-77.66,14.352,1030354.0,26,1398,-26.583,
1993,P8,62190.0,145110.0,70.0,17.255,-78.36,14.942,1110138.0,26,1398,-27.385,
1993,P9,41460.0,165840.0,80.0,17.643,-78.59,15.806,1195522.0,26,1398,-28.093,
1993,P10,20730.0,186570.0,90.0,17.908,-78.59,16.421,1243532.0,26,1398,-28.094,
1993,P11,0.0,207300.0,100.0,18.09,-78.59,16.857,1278302.0,0,0,-28.094,VR 단독(정본 대조점)
1994,P0,207300.0,0.0,0.0,19.115,-65.55,19.533,851930.0,26,1398,-19.055,FAST 단독(정본 대조점)
1994,P1,200000.0,7300.0,3.52,19.141,-66.57,19.604,877484.0,26,1398,-19.669,현행(회귀 대조점)
1994,P2,186570.0,20730.0,10.0,19.161,-68.24,19.66,923086.0,26,1398,-20.722,
1994,P3,165840.0,41460.0,20.0,19.192,-70.38,19.747,993484.0,26,1398,-22.17,
1994,P4,145110.0,62190.0,30.0,19.222,-72.12,19.833,1063882.0,26,1398,-23.438,
1994,P5,124380.0,82920.0,40.0,19.253,-73.56,19.92,1134280.0,26,1398,-24.557,나스닥 노출 금액 동일(기존 정지선 위치)
1994,P6,103650.0,103650.0,50.0,19.266,-74.83,19.958,1202570.0,26,1398,-25.552,
1994,P7,82920.0,124380.0,60.0,18.658,-77.23,18.298,1217206.0,26,1398,-26.444,
1994,P8,62190.0,145110.0,70.0,18.817,-78.3,18.717,1282818.0,26,1398,-27.246,
1994,P9,41460.0,165840.0,80.0,19.182,-78.59,19.72,1373679.0,26,1398,-27.972,
1994,P10,20730.0,186570.0,90.0,19.472,-78.59,20.55,1432839.0,26,1398,-28.094,
1994,P11,0.0,207300.0,100.0,19.665,-78.59,21.122,1473936.0,0,0,-28.094,VR 단독(정본 대조점)
1995,P0,207300.0,0.0,0.0,19.87,-65.55,21.736,902345.0,26,1398,-19.055,FAST 단독(정본 대조점)
1995,P1,200000.0,7300.0,3.52,19.857,-66.52,21.695,925968.0,26,1398,-19.637,현행(회귀 대조점)
1995,P2,186570.0,20730.0,10.0,19.809,-68.12,21.547,968177.0,26,1398,-20.644,
1995,P3,165840.0,41460.0,20.0,19.733,-70.21,21.317,1033357.0,26,1398,-22.049,
1995,P4,145110.0,62190.0,30.0,19.656,-71.94,21.086,1098539.0,26,1398,-23.299,
1995,P5,124380.0,82920.0,40.0,19.579,-73.39,20.855,1163720.0,26,1398,-24.418,나스닥 노출 금액 동일(기존 정지선 위치)
1995,P6,103650.0,103650.0,50.0,19.5,-74.63,20.624,1228943.0,26,1398,-25.427,
1995,P7,82920.0,124380.0,60.0,18.78,-76.92,18.611,1242147.0,26,1398,-26.339,
1995,P8,62190.0,145110.0,70.0,18.826,-78.26,18.733,1295253.0,26,1398,-27.17,
1995,P9,41460.0,165840.0,80.0,19.155,-78.59,19.633,1382810.0,26,1398,-27.928,
1995,P10,20730.0,186570.0,90.0,19.424,-78.59,20.402,1437938.0,26,1398,-28.093,
1995,P11,0.0,207300.0,100.0,19.588,-78.59,20.884,1472912.0,0,0,-28.093,VR 단독(정본 대조점)
1996,P0,207300.0,0.0,0.0,17.856,-65.53,16.32,696883.0,26,1398,-19.055,FAST 단독(정본 대조점)
1996,P1,200000.0,7300.0,3.52,17.899,-66.42,16.421,717868.0,26,1398,-19.586,현행(회귀 대조점)
1996,P2,186570.0,20730.0,10.0,17.962,-67.9,16.571,755836.0,26,1398,-20.51,
1996,P3,165840.0,41460.0,20.0,18.058,-69.86,16.803,814441.0,26,1398,-21.81,
1996,P4,145110.0,62190.0,30.0,18.154,-71.5,17.035,873046.0,26,1398,-22.979,
1996,P5,124380.0,82920.0,40.0,18.247,-72.9,17.266,931685.0,26,1398,-24.034,나스닥 노출 금액 동일(기존 정지선 위치)
1996,P6,103650.0,103650.0,50.0,18.339,-74.11,17.496,990325.0,26,1398,-24.991,
1996,P7,82920.0,124380.0,60.0,18.305,-75.57,17.41,1038708.0,26,1398,-25.864,
1996,P8,62190.0,145110.0,70.0,17.721,-77.95,16.006,1016687.0,26,1398,-26.664,
1996,P9,41460.0,165840.0,80.0,17.995,-78.37,16.651,1072943.0,26,1398,-27.398,
1996,P10,20730.0,186570.0,90.0,18.311,-78.59,17.426,1133091.0,26,1398,-28.066,
1996,P11,0.0,207300.0,100.0,18.513,-78.59,17.937,1166596.0,0,0,-28.068,VR 단독(정본 대조점)
1997,P0,207300.0,0.0,0.0,20.83,-65.53,24.915,1315589.0,24,1370,-19.054,FAST 단독(정본 대조점)
1997,P1,200000.0,7300.0,3.52,20.914,-66.22,25.211,1339492.0,24,1370,-19.464,현행(회귀 대조점)
1997,P2,186570.0,20730.0,10.0,21.055,-67.41,25.716,1381957.0,24,1370,-20.196,
1997,P3,165840.0,41460.0,20.0,21.265,-69.08,26.484,1447026.0,24,1370,-21.275,
1997,P4,145110.0,62190.0,30.0,21.469,-70.57,27.251,1512096.0,24,1370,-22.294,
1997,P5,124380.0,82920.0,40.0,21.667,-71.9,28.016,1577140.0,24,1370,-23.259,나스닥 노출 금액 동일(기존 정지선 위치)
1997,P6,103650.0,103650.0,50.0,21.86,-73.11,28.781,1642181.0,24,1370,-24.173,
1997,P7,82920.0,124380.0,60.0,22.048,-74.2,29.546,1707222.0,24,1370,-25.042,
1997,P8,62190.0,145110.0,70.0,22.114,-75.66,29.816,1749612.0,24,1370,-25.867,
1997,P9,41460.0,165840.0,80.0,21.413,-78.01,27.04,1632759.0,24,1370,-26.653,
1997,P10,20730.0,186570.0,90.0,21.587,-78.39,27.705,1685542.0,24,1370,-27.402,
1997,P11,0.0,207300.0,100.0,21.785,-78.59,28.482,1740663.0,0,0,-28.027,VR 단독(정본 대조점)
1998,P0,207300.0,0.0,0.0,23.386,-65.54,35.562,1931801.0,22,1347,-19.31,FAST 단독(정본 대조점)
1998,P1,200000.0,7300.0,3.52,23.45,-66.1,35.874,1955961.0,22,1347,-19.517,현행(회귀 대조점)
1998,P2,186570.0,20730.0,10.0,23.546,-67.09,36.354,1996374.0,22,1347,-19.893,
1998,P3,165840.0,41460.0,20.0,23.693,-68.55,37.094,2058697.0,22,1347,-20.459,
1998,P4,145110.0,62190.0,30.0,23.837,-69.92,37.833,2121020.0,22,1347,-21.01,
1998,P5,124380.0,82920.0,40.0,23.978,-71.21,38.572,2183320.0,22,1347,-21.545,나스닥 노출 금액 동일(기존 정지선 위치)
1998,P6,103650.0,103650.0,50.0,24.116,-72.42,39.308,2245571.0,22,1347,-22.066,
1998,P7,82920.0,124380.0,60.0,24.252,-73.56,40.045,2307821.0,22,1347,-22.573,
1998,P8,62190.0,145110.0,70.0,24.385,-74.65,40.781,2370071.0,22,1347,-23.067,
1998,P9,41460.0,165840.0,80.0,23.667,-77.08,36.961,2197280.0,22,1347,-23.548,
1998,P10,20730.0,186570.0,90.0,23.48,-78.24,36.021,2158800.0,22,1347,-24.016,
1998,P11,0.0,207300.0,100.0,23.591,-78.48,36.577,2200391.0,0,0,-24.473,VR 단독(정본 대조점)
1999,P0,207300.0,0.0,0.0,20.484,-63.98,23.707,1340390.0,20,1287,-13.596,FAST 단독(정본 대조점)
1999,P1,200000.0,7300.0,3.52,20.528,-64.44,23.853,1348969.0,20,1287,-13.55,현행(회귀 대조점)
1999,P2,186570.0,20730.0,10.0,20.598,-65.3,24.091,1363861.0,20,1287,-13.479,
1999,P3,165840.0,41460.0,20.0,20.705,-66.61,24.457,1386816.0,20,1287,-14.137,
1999,P4,145110.0,62190.0,30.0,20.811,-67.88,24.823,1409771.0,20,1287,-15.068,
1999,P5,124380.0,82920.0,40.0,20.915,-69.13,25.19,1432726.0,20,1287,-15.99,나스닥 노출 금액 동일(기존 정지선 위치)
1999,P6,103650.0,103650.0,50.0,21.018,-70.34,25.556,1455681.0,20,1287,-16.904,
1999,P7,82920.0,124380.0,60.0,21.119,-71.52,25.922,1478635.0,20,1287,-17.809,
1999,P8,62190.0,145110.0,70.0,21.169,-72.94,26.104,1494319.0,20,1287,-18.706,
1999,P9,41460.0,165840.0,80.0,21.126,-74.75,25.945,1496704.0,20,1287,-19.717,
1999,P10,20730.0,186570.0,90.0,20.177,-77.44,22.699,1331830.0,20,1287,-21.059,
1999,P11,0.0,207300.0,100.0,20.107,-77.91,22.478,1324537.0,0,0,-22.406,VR 단독(정본 대조점)
2000,P0,207300.0,0.0,0.0,13.138,-59.21,8.145,427895.0,20,1287,-13.589,FAST 단독(정본 대조점)
2000,P1,200000.0,7300.0,3.52,13.126,-60.0,8.13,428181.0,20,1287,-13.667,현행(회귀 대조점)
2000,P2,186570.0,20730.0,10.0,13.105,-61.42,8.105,428738.0,20,1287,-13.811,
2000,P3,165840.0,41460.0,20.0,13.072,-63.57,8.064,429597.0,20,1287,-14.092,
2000,P4,145110.0,62190.0,30.0,13.038,-65.65,8.024,430457.0,20,1287,-15.009,
2000,P5,124380.0,82920.0,40.0,13.005,-67.66,7.983,431317.0,20,1287,-15.921,나스닥 노출 금액 동일(기존 정지선 위치)
2000,P6,103650.0,103650.0,50.0,12.971,-69.62,7.943,432177.0,20,1287,-16.828,
2000,P7,82920.0,124380.0,60.0,12.937,-71.53,7.902,433037.0,20,1287,-17.731,
2000,P8,62190.0,145110.0,70.0,12.903,-73.38,7.861,433898.0,20,1287,-18.629,
2000,P9,41460.0,165840.0,80.0,12.868,-75.17,7.821,434758.0,20,1287,-19.523,
2000,P10,20730.0,186570.0,90.0,12.765,-76.92,7.7,431471.0,20,1287,-20.413,
2000,P11,0.0,207300.0,100.0,12.105,-78.75,6.97,392472.0,0,0,-21.298,VR 단독(정본 대조점)
2001,P0,207300.0,0.0,0.0,22.494,-39.85,31.401,1680458.0,17,1172,-8.421,FAST 단독(정본 대조점)
2001,P1,200000.0,7300.0,3.52,22.584,-40.44,31.795,1708298.0,17,1172,-8.507,현행(회귀 대조점)
2001,P2,186570.0,20730.0,10.0,22.746,-41.55,32.517,1759524.0,17,1172,-8.925,
2001,P3,165840.0,41460.0,20.0,22.99,-43.3,33.629,1838458.0,17,1172,-9.623,
2001,P4,145110.0,62190.0,30.0,23.225,-45.17,34.741,1917393.0,17,1172,-10.395,
2001,P5,124380.0,82920.0,40.0,23.454,-47.1,35.852,1996328.0,17,1172,-11.252,나스닥 노출 금액 동일(기존 정지선 위치)
2001,P6,103650.0,103650.0,50.0,23.676,-49.16,36.964,2075263.0,17,1172,-12.211,
2001,P7,82920.0,124380.0,60.0,23.892,-51.34,38.076,2154198.0,17,1172,-13.29,
2001,P8,62190.0,145110.0,70.0,24.102,-53.9,39.187,2233133.0,17,1172,-14.514,
2001,P9,41460.0,165840.0,80.0,24.302,-56.94,40.275,2310266.0,17,1172,-15.914,
2001,P10,20730.0,186570.0,90.0,23.917,-60.53,38.207,2200386.0,17,1172,-16.735,
2001,P11,0.0,207300.0,100.0,23.81,-60.82,37.651,2168592.0,0,0,-16.735,VR 단독(정본 대조점)
2002,P0,207300.0,0.0,0.0,20.306,-43.16,23.14,1223248.0,17,924,-8.99,FAST 단독(정본 대조점)
2002,P1,200000.0,7300.0,3.52,20.57,-42.39,24.02,1277850.0,17,924,-8.959,현행(회귀 대조점)
2002,P2,186570.0,20730.0,10.0,21.03,-41.56,25.627,1377915.0,17,924,-9.196,
2002,P3,165840.0,41460.0,20.0,21.69,-43.3,28.107,1532372.0,17,924,-9.598,
2002,P4,145110.0,62190.0,30.0,22.297,-45.15,30.587,1686829.0,17,924,-10.342,
2002,P5,124380.0,82920.0,40.0,22.859,-47.03,33.067,1841286.0,17,924,-11.158,나스닥 노출 금액 동일(기존 정지선 위치)
2002,P6,103650.0,103650.0,50.0,23.383,-48.99,35.547,1995743.0,17,924,-12.057,
2002,P7,82920.0,124380.0,60.0,23.874,-51.06,38.027,2150200.0,17,924,-13.051,
2002,P8,62190.0,145110.0,70.0,24.335,-53.29,40.507,2304657.0,17,924,-14.158,
2002,P9,41460.0,165840.0,80.0,24.771,-56.09,42.987,2459114.0,17,924,-15.397,
2002,P10,20730.0,186570.0,90.0,24.839,-58.93,43.387,2491153.0,17,924,-16.76,
2002,P11,0.0,207300.0,100.0,24.429,-61.15,41.031,2358237.0,0,0,-16.735,VR 단독(정본 대조점)
2003,P0,207300.0,0.0,0.0,24.601,-40.05,42.001,2212000.0,16,671,-8.99,FAST 단독(정본 대조점)
2003,P1,200000.0,7300.0,3.52,24.6,-40.71,41.997,2221706.0,16,671,-8.971,현행(회귀 대조점)
2003,P2,186570.0,20730.0,10.0,24.599,-41.9,41.991,2239681.0,16,671,-9.226,
2003,P3,165840.0,41460.0,20.0,24.597,-43.75,41.983,2267427.0,16,671,-9.707,
2003,P4,145110.0,62190.0,30.0,24.596,-45.68,41.974,2295172.0,16,671,-10.5,
2003,P5,124380.0,82920.0,40.0,24.594,-47.61,41.965,2322917.0,16,671,-11.36,나스닥 노출 금액 동일(기존 정지선 위치)
2003,P6,103650.0,103650.0,50.0,24.593,-50.32,41.957,2350663.0,16,671,-12.295,
2003,P7,82920.0,124380.0,60.0,24.609,-55.18,42.049,2382797.0,16,671,-13.316,
2003,P8,62190.0,145110.0,70.0,24.797,-57.36,43.14,2458446.0,16,671,-14.435,
2003,P9,41460.0,165840.0,80.0,24.909,-58.93,43.802,2669186.0,16,671,-15.666,
2003,P10,20730.0,186570.0,90.0,24.897,-59.55,43.734,2674173.0,16,671,-16.736,
2003,P11,0.0,207300.0,100.0,24.615,-61.23,42.084,2574551.0,0,0,-16.735,VR 단독(정본 대조점)
2004,P0,207300.0,0.0,0.0,23.528,-47.94,36.281,1835908.0,15,613,-19.058,FAST 단독(정본 대조점)
2004,P1,200000.0,7300.0,3.52,23.6,-47.15,36.645,1869807.0,15,613,-18.035,현행(회귀 대조점)
2004,P2,186570.0,20730.0,10.0,23.716,-45.76,37.234,1940513.0,15,613,-16.177,
2004,P3,165840.0,41460.0,20.0,23.881,-43.62,38.084,2056608.0,15,613,-13.292,
2004,P4,145110.0,62190.0,30.0,24.042,-41.86,38.933,2172703.0,15,613,-14.082,
2004,P5,124380.0,82920.0,40.0,24.199,-43.89,39.783,2288798.0,15,613,-15.171,나스닥 노출 금액 동일(기존 정지선 위치)
2004,P6,103650.0,103650.0,50.0,24.354,-48.38,40.632,2404893.0,15,613,-16.331,
2004,P7,82920.0,124380.0,60.0,24.505,-53.37,41.482,2520987.0,15,613,-17.568,
2004,P8,62190.0,145110.0,70.0,24.569,-56.35,41.844,2643538.0,15,613,-18.014,
2004,P9,41460.0,165840.0,80.0,24.588,-58.3,41.951,2769472.0,15,613,-18.016,
2004,P10,20730.0,186570.0,90.0,24.722,-58.96,42.727,2865862.0,15,613,-18.015,
2004,P11,0.0,207300.0,100.0,24.481,-58.96,41.344,2775740.0,0,0,-18.015,VR 단독(정본 대조점)
2005,P0,207300.0,0.0,0.0,26.85,-47.94,56.887,3068384.0,12,507,-19.059,FAST 단독(정본 대조점)
2005,P1,200000.0,7300.0,3.52,27.055,-47.02,58.469,3171790.0,12,507,-17.869,현행(회귀 대조점)
2005,P2,186570.0,20730.0,10.0,27.396,-45.43,61.195,3370847.0,12,507,-15.751,
2005,P3,165840.0,41460.0,20.0,27.878,-43.01,65.254,3678485.0,12,507,-13.298,
2005,P4,145110.0,62190.0,30.0,28.333,-40.6,69.313,3986124.0,12,507,-14.414,
2005,P5,124380.0,82920.0,40.0,28.764,-45.15,73.372,4293763.0,12,507,-15.572,나스닥 노출 금액 동일(기존 정지선 위치)
2005,P6,103650.0,103650.0,50.0,29.173,-50.59,77.431,4601401.0,12,507,-16.772,
2005,P7,82920.0,124380.0,60.0,29.521,-55.21,81.055,4890816.0,12,507,-17.943,
2005,P8,62190.0,145110.0,70.0,29.644,-57.2,82.374,5109297.0,12,507,-17.944,
2005,P9,41460.0,165840.0,80.0,29.765,-58.98,83.692,5327776.0,12,507,-17.945,
2005,P10,20730.0,186570.0,90.0,30.016,-59.04,86.483,5513564.0,12,507,-17.943,
2005,P11,0.0,207300.0,100.0,29.824,-59.03,84.335,5379273.0,0,0,-17.943,VR 단독(정본 대조점)
2006,P0,207300.0,0.0,0.0,23.383,-56.4,35.506,1780895.0,6,425,-19.059,FAST 단독(정본 대조점)
2006,P1,200000.0,7300.0,3.52,24.006,-54.31,38.677,1979516.0,6,425,-17.594,현행(회귀 대조점)
2006,P2,186570.0,20730.0,10.0,25.008,-50.83,44.342,2366615.0,6,425,-15.061,
2006,P3,165840.0,41460.0,20.0,26.332,-46.21,53.031,2965719.0,6,425,-13.706,
2006,P4,145110.0,62190.0,30.0,27.465,-42.31,61.721,3564823.0,6,425,-14.958,
2006,P5,124380.0,82920.0,40.0,28.457,-48.12,70.411,4163928.0,6,425,-16.201,나스닥 노출 금액 동일(기존 정지선 위치)
2006,P6,103650.0,103650.0,50.0,29.316,-53.23,78.848,4749467.0,6,425,-17.436,
2006,P7,82920.0,124380.0,60.0,29.696,-56.24,82.873,5129848.0,6,425,-17.944,
2006,P8,62190.0,145110.0,70.0,29.97,-57.99,85.903,5483429.0,6,425,-17.945,
2006,P9,41460.0,165840.0,80.0,30.316,-59.01,89.869,5846989.0,6,425,-17.945,
2006,P10,20730.0,186570.0,90.0,30.618,-59.04,93.47,6087473.0,6,425,-17.943,
2006,P11,0.0,207300.0,100.0,30.572,-59.04,92.925,6054623.0,0,0,-17.943,VR 단독(정본 대조점)
2007,P0,207300.0,0.0,0.0,28.205,-54.76,68.238,3575235.0,1,332,-19.059,FAST 단독(정본 대조점)
2007,P1,200000.0,7300.0,3.52,28.746,-52.82,73.297,3892755.0,1,332,-17.579,현행(회귀 대조점)
2007,P2,186570.0,20730.0,10.0,29.627,-49.62,82.305,4489872.0,1,332,-15.602,
2007,P3,165840.0,41460.0,20.0,30.814,-46.71,96.101,5409603.0,1,332,-14.358,
2007,P4,145110.0,62190.0,30.0,31.849,-46.8,109.879,6328503.0,1,332,-14.952,
2007,P5,124380.0,82920.0,40.0,32.769,-48.0,123.658,7247403.0,1,332,-16.174,나스닥 노출 금액 동일(기존 정지선 위치)
2007,P6,103650.0,103650.0,50.0,33.566,-53.01,136.904,8125439.0,1,332,-17.379,
2007,P7,82920.0,124380.0,60.0,33.999,-56.09,144.647,8707987.0,1,332,-17.944,
2007,P8,62190.0,145110.0,70.0,34.303,-57.8,150.323,9203084.0,1,332,-17.944,
2007,P9,41460.0,165840.0,80.0,34.64,-59.0,156.855,9725867.0,1,332,-17.945,
2007,P10,20730.0,186570.0,90.0,35.017,-59.04,164.501,10206434.0,1,332,-17.943,
2007,P11,0.0,207300.0,100.0,35.078,-59.04,165.756,10287495.0,0,0,-17.943,VR 단독(정본 대조점)
2008,P0,207300.0,0.0,0.0,29.35,-54.76,79.367,3927358.0,1,332,-19.058,FAST 단독(정본 대조점)
2008,P1,200000.0,7300.0,3.52,29.906,-52.93,85.371,4325101.0,1,332,-17.661,현행(회귀 대조점)
2008,P2,186570.0,20730.0,10.0,30.814,-49.87,96.096,5061592.0,1,332,-15.244,
2008,P3,165840.0,41460.0,20.0,32.037,-46.7,112.568,6198066.0,1,332,-13.584,
2008,P4,145110.0,62190.0,30.0,33.102,-46.79,129.041,7334540.0,1,332,-14.773,
2008,P5,124380.0,82920.0,40.0,34.046,-46.98,145.513,8471014.0,1,332,-15.952,나스닥 노출 금액 동일(기존 정지선 위치)
2008,P6,103650.0,103650.0,50.0,34.833,-52.01,160.737,9469849.0,1,332,-17.122,
2008,P7,82920.0,124380.0,60.0,35.334,-55.64,171.183,10164906.0,1,332,-17.943,
2008,P8,62190.0,145110.0,70.0,35.614,-57.38,177.301,10644099.0,1,332,-17.944,
2008,P9,41460.0,165840.0,80.0,35.885,-58.88,183.419,11123291.0,1,332,-17.945,
2008,P10,20730.0,186570.0,90.0,36.288,-59.04,192.888,11712370.0,1,332,-17.943,
2008,P11,0.0,207300.0,100.0,36.415,-59.03,195.972,11902405.0,0,0,-17.943,VR 단독(정본 대조점)
2009,P0,207300.0,0.0,0.0,33.892,-54.76,142.585,5816385.0,0,0,-19.059,FAST 단독(정본 대조점)
2009,P1,200000.0,7300.0,3.52,34.358,-52.74,151.257,6533198.0,0,0,-17.508,현행(회귀 대조점)
2009,P2,186570.0,20730.0,10.0,35.12,-49.41,166.497,7853091.0,0,0,-14.863,
2009,P3,165840.0,41460.0,20.0,36.169,-46.72,189.886,9887407.0,0,0,-13.807,
2009,P4,145110.0,62190.0,30.0,37.103,-46.81,213.274,11921722.0,0,0,-15.066,
2009,P5,124380.0,82920.0,40.0,37.944,-48.54,236.642,13859541.0,0,0,-16.291,나스닥 노출 금액 동일(기존 정지선 위치)
2009,P6,103650.0,103650.0,50.0,38.8,-53.41,262.872,15499269.0,0,0,-17.482,
2009,P7,82920.0,124380.0,60.0,39.258,-56.22,278.021,16516373.0,0,0,-17.944,
2009,P8,62190.0,145110.0,70.0,39.617,-57.85,290.424,17399701.0,0,0,-17.945,
2009,P9,41460.0,165840.0,80.0,40.0,-59.02,304.272,18348063.0,0,0,-17.945,
2009,P10,20730.0,186570.0,90.0,40.439,-59.05,320.925,19358041.0,0,0,-17.943,
2009,P11,0.0,207300.0,100.0,40.599,-59.05,327.179,19738575.0,0,0,-17.943,VR 단독(정본 대조점)
