출처,시작일,종료일,길이년,R4_CAGR%,R4_MDD%,R4_배수,R4_적립누계$,R4_KS,R4_대피일수,FAST_CAGR%,FAST_MDD%,FAST_배수,VR_CAGR%,VR_MDD%,VR_배수,TQQQ_CAGR%,TQQQ_MDD%,TQQQ_배수,QQQ_CAGR%,QQQ_MDD%,QQQ_배수
FAST,1986-08-11,2018-12-31,32.39,17.701,-69.27,196.099,0.0,26,1398,17.318,-68.46,176.455,19.313,-90.15,304.636,5.821,-99.98,6.249,12.694,-82.96,47.979
FAST,1986-08-11,2020-12-31,34.39,20.371,-69.27,587.755,0.0,26,1398,20.137,-68.46,549.728,20.266,-90.15,570.369,10.469,-99.98,30.695,14.294,-82.96,98.946
FAST,1986-08-11,2021-12-31,35.39,21.03,-69.27,858.03,0.0,26,1398,20.766,-68.46,794.327,21.265,-90.15,919.198,12.056,-99.98,56.166,14.646,-82.96,126.076
FAST,1986-08-11,2022-12-30,36.39,18.639,-69.27,502.158,0.0,26,1398,18.253,-68.46,445.99,19.872,-90.15,731.515,7.004,-99.98,11.744,12.987,-82.96,85.004
FAST,1986-08-11,2024-12-31,38.39,21.032,-69.27,1522.445,0.0,26,1398,20.686,-68.46,1363.833,22.023,-90.15,2082.076,11.024,-99.98,55.399,14.231,-82.96,165.304
FAST,1986-08-11,2026-07-10,39.91,21.828,-69.27,2644.269,0.0,26,1398,21.626,-68.46,2474.996,21.86,-90.15,2672.893,12.478,-99.98,109.183,14.675,-82.96,236.336
FAST,1994-01-02,2018-12-31,24.99,20.394,-66.57,103.373,0.0,26,1398,19.61,-67.25,87.806,25.057,-78.59,267.207,4.346,-99.98,2.896,12.171,-82.96,17.642
FAST,1994-01-02,2020-12-31,26.99,23.567,-66.57,302.45,0.0,26,1398,23.108,-67.25,273.556,25.892,-78.59,500.292,10.335,-99.98,14.223,14.242,-82.96,36.383
FAST,1994-01-02,2021-12-31,27.99,24.334,-66.57,444.333,0.0,26,1398,23.815,-67.25,395.275,27.009,-78.59,806.264,12.348,-99.98,26.025,14.689,-82.96,46.359
FAST,1994-01-02,2022-12-30,28.99,21.249,-66.57,266.497,0.0,26,1398,20.486,-67.25,221.937,24.98,-78.59,641.64,6.018,-99.98,5.442,12.608,-82.96,31.257
FAST,1994-01-02,2024-12-31,30.99,24.091,-66.57,803.987,0.0,26,1398,23.415,-67.25,678.683,27.42,-78.59,1826.271,11.039,-99.98,25.67,14.171,-82.96,60.784
FAST,1994-01-02,2026-07-10,32.51,24.846,-66.57,1360.116,0.0,26,1398,24.465,-67.25,1231.633,26.954,-78.59,2344.501,12.826,-99.98,50.591,14.719,-82.96,86.903
FAST,1998-01-02,2018-12-31,20.99,21.964,-66.1,64.62,0.0,22,1347,21.367,-67.23,58.286,25.311,-78.48,114.067,-2.753,-99.98,0.557,9.653,-82.96,6.921
FAST,1998-01-02,2020-12-31,23.0,25.758,-66.1,194.453,0.0,22,1347,25.384,-67.23,181.59,26.272,-78.48,213.573,4.47,-99.98,2.734,12.255,-82.96,14.273
FAST,1998-01-02,2021-12-31,23.99,26.537,-66.1,283.57,0.0,22,1347,26.128,-67.23,262.39,27.563,-78.48,344.193,6.939,-99.98,5.002,12.85,-82.96,18.187
FAST,1998-01-02,2022-12-30,24.99,22.676,-66.1,165.263,0.0,22,1347,22.113,-67.23,147.327,25.181,-78.48,273.918,0.18,-99.98,1.046,10.55,-82.96,12.262
FAST,1998-01-02,2024-12-31,27.0,25.9,-66.1,501.477,0.0,22,1347,25.402,-67.23,450.527,27.975,-78.48,779.644,6.091,-99.98,4.934,12.467,-82.96,23.846
FAST,1998-01-02,2026-07-10,28.52,26.813,-66.1,874.913,0.0,22,1347,26.512,-67.23,817.592,27.413,-78.48,1000.883,8.303,-99.98,9.724,13.173,-82.96,34.092
공통,2000-01-02,2018-12-31,18.99,14.256,-60.0,12.567,0.0,20,1287,14.12,-59.21,12.287,15.528,-80.28,15.51,-17.425,-99.98,0.026,3.277,-82.96,1.845
공통,2000-01-02,2020-12-31,20.99,18.959,-60.0,38.272,0.0,20,1287,18.961,-59.21,38.287,17.317,-80.28,28.586,-9.28,-99.98,0.129,6.571,-82.96,3.804
공통,2000-01-02,2021-12-31,21.99,20.047,-60.0,55.613,0.0,20,1287,20.019,-59.21,55.325,19.013,-80.28,45.979,-6.34,-99.98,0.237,7.441,-82.96,4.848
공통,2000-01-02,2022-12-30,22.99,16.266,-60.0,31.967,0.0,20,1287,16.121,-59.21,31.068,16.954,-80.28,36.611,-12.254,-99.98,0.05,5.286,-82.96,3.268
공통,2000-01-02,2024-12-31,24.99,20.096,-60.0,97.203,0.0,20,1287,19.986,-59.21,95.009,20.385,-80.28,103.222,-5.652,-99.98,0.234,7.68,-82.96,6.356
공통,2000-01-02,2026-07-10,26.52,21.43,-60.0,172.173,0.0,20,1287,21.436,-59.21,172.423,20.243,-80.28,132.707,-2.883,-99.98,0.46,8.679,-82.96,9.087
VR,2002-01-02,2018-12-31,16.99,20.57,-42.39,24.02,0.0,17,924,20.273,-43.15,23.033,24.762,-61.33,42.936,6.689,-97.03,3.005,9.048,-53.4,4.358
VR,2002-01-02,2020-12-31,19.0,25.311,-47.16,72.667,0.0,17,924,25.229,-47.94,71.764,25.874,-61.33,79.129,15.225,-97.03,14.761,12.254,-53.4,8.987
VR,2002-01-02,2021-12-31,19.99,26.254,-47.16,105.766,0.0,17,924,26.129,-47.94,103.697,27.428,-61.33,127.269,17.922,-97.03,27.01,12.968,-53.4,11.451
VR,2002-01-02,2022-12-30,20.99,21.652,-54.96,61.203,0.0,17,924,21.364,-56.4,58.227,24.61,-61.33,101.328,8.597,-97.03,5.648,10.227,-53.4,7.721
VR,2002-01-02,2024-12-31,23.0,25.509,-53.44,185.8,0.0,17,924,25.277,-54.76,178.061,27.879,-61.33,285.682,15.344,-97.03,26.641,12.503,-53.4,15.014
VR,2002-01-02,2026-07-10,24.52,26.634,-53.44,326.798,0.0,17,924,26.576,-54.76,323.14,27.239,-61.33,367.272,17.534,-97.03,52.506,13.323,-53.4,21.466
VR,2004-01-02,2018-12-31,15.0,18.099,-42.38,12.115,0.0,15,613,17.822,-43.14,11.697,23.059,-60.04,22.453,15.752,-94.74,8.967,11.036,-53.4,4.805
VR,2004-01-02,2020-12-31,17.0,23.6,-47.15,36.645,0.0,15,613,23.561,-47.94,36.448,24.488,-60.04,41.383,24.945,-94.74,44.044,14.447,-53.4,9.91
VR,2004-01-02,2021-12-31,18.0,24.73,-47.15,53.34,0.0,15,613,24.642,-47.94,52.668,26.274,-60.04,66.561,27.623,-94.74,80.592,15.133,-53.4,12.627
VR,2004-01-02,2022-12-30,18.99,19.793,-54.95,30.874,0.0,15,613,19.522,-56.39,29.576,23.25,-60.04,52.996,16.034,-94.74,16.852,11.937,-53.4,8.514
VR,2004-01-02,2024-12-31,21.0,24.14,-53.43,93.724,0.0,15,613,23.93,-54.75,90.447,26.929,-60.04,149.418,23.17,-94.74,79.492,14.302,-53.4,16.556
VR,2004-01-02,2026-07-10,22.52,25.444,-53.43,164.811,0.0,15,613,25.422,-54.75,164.143,26.3,-60.04,192.095,25.162,-94.74,156.666,15.087,-53.4,23.671
VR,2006-01-02,2018-12-31,12.99,23.236,-42.08,15.093,0.0,6,425,22.592,-43.14,14.1,32.411,-43.44,38.363,17.168,-94.74,7.833,11.63,-53.4,4.176
VR,2006-01-02,2020-12-31,14.99,28.935,-46.81,45.157,0.0,6,425,28.699,-47.94,43.934,32.99,-59.03,71.835,27.564,-94.74,38.473,15.443,-53.4,8.611
VR,2006-01-02,2021-12-31,15.99,29.946,-46.81,65.957,0.0,6,425,29.636,-47.94,63.485,34.599,-59.03,115.771,30.476,-94.74,70.398,16.159,-53.4,10.972
VR,2006-01-02,2022-12-30,16.99,24.006,-54.31,38.677,0.0,6,425,23.413,-56.4,35.65,30.507,-59.03,92.137,17.151,-94.74,14.72,12.502,-53.4,7.398
VR,2006-01-02,2024-12-31,18.99,28.51,-52.84,117.218,0.0,6,425,28.02,-54.75,109.019,34.076,-59.03,262.25,25.016,-94.74,69.437,15.072,-53.4,14.386
VR,2006-01-02,2026-07-10,20.51,29.568,-52.84,203.176,0.0,6,425,29.4,-54.75,197.847,32.798,-59.03,336.674,27.096,-94.74,136.85,15.881,-53.4,20.568
VR,2008-01-02,2018-12-31,11.0,24.363,-42.12,10.994,0.0,1,332,23.626,-43.13,10.299,35.976,-43.43,29.339,18.62,-92.88,6.537,11.776,-49.4,3.401
VR,2008-01-02,2020-12-31,13.0,30.856,-46.86,32.954,0.0,1,332,30.589,-47.94,32.091,36.104,-59.03,54.939,30.595,-92.88,32.109,16.169,-49.4,7.013
VR,2008-01-02,2021-12-31,14.0,31.885,-46.86,48.11,0.0,1,332,31.539,-47.94,46.373,37.76,-59.03,88.542,33.782,-92.88,58.754,16.939,-49.4,8.936
VR,2008-01-02,2022-12-30,14.99,24.936,-54.41,28.158,0.0,1,332,24.287,-56.39,26.042,32.819,-59.03,70.468,18.212,-92.88,12.285,12.726,-49.4,6.025
VR,2008-01-02,2024-12-31,17.0,29.906,-52.93,85.371,0.0,1,332,29.376,-54.75,79.639,36.601,-59.03,200.574,26.979,-92.88,57.952,15.58,-49.4,11.717
VR,2008-01-02,2026-07-10,18.52,30.99,-52.93,148.283,0.0,1,332,30.808,-54.75,144.53,34.952,-59.03,257.497,29.156,-92.88,114.215,16.439,-49.4,16.752
공통,2010-02-11,2018-12-31,8.88,25.196,-41.94,7.363,0.0,0,0,24.285,-42.92,6.9,40.147,-43.41,20.059,41.206,-58.08,21.446,16.521,-22.8,3.89
공통,2010-02-11,2020-12-31,10.89,32.864,-46.87,22.048,0.0,0,0,32.534,-47.93,21.46,39.534,-58.97,37.579,53.392,-69.92,105.337,21.08,-28.56,8.022
공통,2010-02-11,2021-12-31,11.89,33.919,-46.87,32.175,0.0,0,0,33.502,-47.93,31.005,41.239,-58.97,60.564,55.689,-69.92,192.748,21.602,-28.56,10.222
공통,2010-02-11,2022-12-30,12.88,25.59,-54.41,18.823,0.0,0,0,24.837,-56.35,17.42,35.101,-58.97,48.203,33.236,-81.66,40.303,16.167,-35.12,6.892
공통,2010-02-11,2024-12-31,14.89,31.216,-52.95,57.056,0.0,0,0,30.608,-54.73,53.248,39.183,-58.97,137.202,42.266,-81.66,190.118,19.048,-35.12,13.403
공통,2010-02-11,2026-07-10,16.41,32.335,-52.95,99.184,0.0,0,0,32.125,-54.73,96.631,37.049,-58.97,176.142,43.501,-81.66,374.692,19.718,-35.12,19.162
공통,2013-01-02,2018-12-31,5.99,22.194,-41.37,3.324,0.0,0,0,21.321,-42.09,3.185,40.052,-43.31,7.529,41.082,-58.08,7.867,16.135,-22.8,2.451
공통,2013-01-02,2020-12-31,7.99,33.309,-47.1,9.958,0.0,0,0,33.095,-47.9,9.832,39.024,-58.45,13.93,57.949,-69.92,38.641,22.467,-28.56,5.054
공통,2013-01-02,2021-12-31,8.99,34.61,-47.1,14.484,0.0,0,0,34.306,-47.9,14.193,41.301,-58.45,22.407,60.559,-69.92,70.705,23.01,-28.56,6.44
공통,2013-01-02,2022-12-30,9.99,23.751,-54.72,8.406,0.0,0,0,23.121,-56.18,7.989,33.435,-58.45,17.844,30.946,-81.66,14.784,15.833,-35.12,4.342
공통,2013-01-02,2024-12-31,11.99,30.983,-53.31,25.464,0.0,0,0,30.507,-54.65,24.378,38.634,-58.45,50.312,42.46,-81.66,69.741,19.467,-35.12,8.444
공통,2013-01-02,2026-07-10,13.52,32.468,-53.31,44.727,0.0,0,0,32.359,-54.65,44.231,36.135,-58.45,64.687,43.941,-81.66,137.448,20.236,-35.12,12.073
공통,2016-01-02,2018-12-31,2.99,18.073,-38.81,1.643,0.0,0,0,17.311,-39.89,1.612,35.914,-32.01,2.503,27.654,-58.08,2.075,13.223,-22.8,1.45
공통,2016-01-02,2020-12-31,4.99,37.009,-47.33,4.814,0.0,0,0,37.008,-47.84,4.814,36.871,-55.98,4.79,59.224,-69.92,10.192,24.534,-28.56,2.989
공통,2016-01-02,2021-12-31,5.99,38.247,-47.33,6.96,0.0,0,0,38.127,-47.84,6.923,40.669,-55.98,7.723,62.972,-69.92,18.649,25.014,-28.56,3.809
공통,2016-01-02,2022-12-30,6.99,22.055,-54.53,4.025,0.0,0,0,21.614,-55.46,3.924,29.692,-55.98,6.151,21.503,-81.66,3.899,14.453,-35.12,2.568
공통,2016-01-02,2024-12-31,8.99,32.004,-53.49,12.14,0.0,0,0,31.69,-54.42,11.883,37.494,-55.98,17.511,38.248,-81.66,18.394,19.587,-35.12,4.994
공통,2016-01-02,2026-07-10,10.51,33.895,-53.49,21.514,0.0,0,0,33.91,-54.42,21.538,34.46,-55.98,22.488,40.708,-81.66,36.252,20.56,-35.12,7.14
공통,2019-01-02,2020-12-31,2.0,67.264,-47.52,2.792,0.0,0,0,68.284,-47.84,2.826,35.749,-42.4,1.84,120.413,-69.92,4.842,43.425,-28.56,2.054
공통,2019-01-02,2021-12-31,3.0,58.911,-47.52,4.004,0.0,0,0,59.412,-47.84,4.042,43.825,-42.4,2.97,107.171,-69.92,8.861,37.881,-28.56,2.617
공통,2019-01-02,2022-12-30,3.99,23.416,-53.95,2.316,0.0,0,0,23.397,-54.4,2.315,24.107,-42.4,2.368,16.706,-81.66,1.853,15.289,-35.12,1.765
공통,2019-01-02,2024-12-31,6.0,38.074,-53.52,6.92,0.0,0,0,38.103,-54.26,6.929,37.488,-46.26,6.745,43.557,-81.66,8.74,22.831,-35.12,3.432
공통,2019-01-02,2026-07-10,7.52,39.727,-53.52,12.366,0.0,0,0,39.987,-54.26,12.54,33.276,-46.26,8.668,46.024,-81.66,17.225,23.56,-35.12,4.906
공통,2022-01-02,2024-12-31,2.99,17.665,-50.81,1.627,0.0,0,0,17.273,-51.88,1.611,26.993,-37.39,2.044,-1.4,-81.02,0.959,9.125,-34.83,1.299
공통,2022-01-02,2026-07-10,4.51,25.926,-50.81,2.831,0.0,0,0,26.032,-51.88,2.842,23.957,-37.39,2.637,15.135,-81.02,1.889,14.69,-34.83,1.857
공통,2024-01-02,2026-07-10,2.52,43.038,-33.71,2.464,0.0,0,0,43.586,-34.18,2.487,29.865,-30.29,1.931,60.365,-58.04,3.286,27.013,-22.77,1.826
